x,y
23.5,18.5
22.08333396911621,18.9
28.749998092651367,18.4
29.0,19.3
27.83333396911621,20.2
27.16666603088379,20.1
25.833335876464844,18.7
28.66666603088379,18.3
27.916667938232425,21.1
27.33333396911621,28.4
27.0,26.1
25.08333396911621,24.3
34.583335876464844,23.3
35.41666412353516,19.9
35.083335876464844,18.1
41.91666793823242,18.8
35.58333206176758,23.8
33.91666793823242,27.6
30.000001907348636,26.2
28.75,29.5
30.83333396911621,21.3
42.83333587646485,25.5
40.41666793823242,24.7
43.999996185302734,24.5
37.41666793823242,18.4
35.91666412353516,19.1
32.0,22.1
34.08333206176758,25.4
33.91666793823242,24.4
27.000003814697266,24.3
26.166667938232425,26.2
26.083332061767575,29.3
27.333335876464844,29.5
32.833335876464844,31.4
29.666667938232425,24.3
33.5,21.7
33.33333206176758,24.6
40.66666793823242,27.2
42.16666412353516,25.9
36.749996185302734,26.7
31.08333396911621,29.2
36.50000381469727,14.2
40.16666412353516,10.6
36.249996185302734,12.7
39.33333206176758,16.8
27.33333396911621,15.8
15.499999046325684,18.1
20.416667938232425,19.3
21.666667938232425,20.1
21.500001907348636,20.8
21.25,23.9
23.583335876464844,24.4
27.083332061767575,23.9
27.0,20.6
34.41666793823242,20.3
34.66666793823242,20.3
31.083335876464844,21.3
29.16666603088379,21.1
28.333332061767575,20.4
27.91666603088379,20.1
28.91666603088379,9.2
24.500001907348636,21.3
24.5,18.4
26.083332061767575,18.8
23.91666603088379,17.5
32.5,15.7
28.16666603088379,17.1
26.583332061767575,20.2
25.08333396911621,19.5
26.08333396911621,25.1
21.416667938232425,23.1
20.16666603088379,22.2
21.666667938232425,19.9
21.333330154418945,17.4
22.83333396911621,15.3
27.66666603088379,14.4
26.000001907348636,13.6
23.749998092651367,14.1
24.0,15.8
19.75,16.8
18.58333396911621,18.9
16.08333396911621,18.1
18.25,18.4
19.833332061767575,20.1
22.0,20.5
25.75,22.1
24.666667938232425,20.2
21.83333396911621,21.2
20.499998092651367,14.6
22.0,18.5
23.833332061767575,19.3
21.16666603088379,16.8
20.58333396911621,15.4
28.166667938232425,17.7
15.666666984558104,19.6
22.250001907348636,18.7
19.583332061767575,21.9
19.666667938232425,21.9
21.33333396911621,21.4
24.58333396911621,19.6
30.833332061767575,21.6
30.66666412353516,23.2
32.083335876464844,24.9
31.000001907348636,25.4
29.83333396911621,25.3
30.499998092651367,21.7
31.08333396911621,25.9
31.91666603088379,24.6
33.333335876464844,23.4
33.91666412353516,25.3
24.33333396911621,15.5
29.91666412353516,12.3
36.0,12.6
33.75,15.3
32.083335876464844,17.1
20.33333396911621,17.1
20.25,16.5
17.083332061767578,16.6
19.25,16.6
23.833330154418945,16.9
17.91666603088379,17.1
22.0,16.5
22.583332061767575,13.2
26.16666603088379,4.7
24.833332061767575,5.2
26.000001907348636,7.4
27.0,7.8
5.0,7.7
1.0,6.5
2.8333334922790527,7.5
1.5833332538604736,6.3
2.999999761581421,7.7
6.583333015441895,6.9
6.083333492279053,5.9
6.333333015441895,6.2
7.166666030883789,7.2
4.0,8.6
7.250000953674316,9.4
6.083332538604736,8.4
5.416666507720947,9.5
7.500000476837158,9.4
7.5833330154418945,8.7
7.166666507720947,9.5
9.75,9.5
9.416666984558104,9.5
10.25,8.6
7.833333492279053,9.5
11.333333015441896,11.2
12.0,4.8
11.166666984558104,7.1
12.999999046325684,7.2
14.833333015441896,5.9
4.750000476837158,5.1
0.6666666865348816,4.6
0.4166666865348816,4.9
2.0833332538604736,5.4
3.9166667461395264,5.8
3.249999761581421,5.3
1.5833333730697632,8.9
2.1666665077209477,9.6
2.0833332538604736,9.3
3.4166667461395264,8.3
3.1666667461395264,8.4
3.1666665077209477,9.3
4.333333969116211,8.5
5.333333015441895,8.1
6.583333015441895,8.2
7.1666669845581055,8.5
8.5,10.2
9.0,11.2
10.25,8.2
8.166666984558105,5.8
9.333333015441896,6.1
10.916666030883787,6.6
12.083332061767578,5.7
13.083333015441896,5.3
5.416666507720947,6.1
4.0,7.7
2.750000238418579,7.5
3.8333334922790527,8.3
4.333333015441895,8.9
8.666666984558105,11.1
5.583333015441895,8.9
5.666666507720947,7.4
5.166666507720947,5.8
12.833333969116213,20.1
8.5,5.4
4.333333492279053,5.6
3.6666665077209473,6.1
3.0833334922790527,6.4
3.6666665077209473,6.4
3.8333334922790527,8.2
4.75,10.6
3.8333332538604736,5.6
2.3333332538604736,9.4
2.3333332538604736,10.8
3.3333332538604736,7.8
1.0833333730697632,9.1
0.9999999403953552,3.3
5.25,4.5
1.6666665077209473,8.5
3.25,15.5
8.25,7.6
6.083333015441895,7.4
7.916665554046631,6.9
45.16666793823242,8.3
43.16666793823242,10.9
9.083333015441896,14.4
5.083333492279053,10.6
2.8333332538604736,6.6
2.1666667461395264,5.3
4.333333015441895,4.8
11.666666984558104,7.1
9.5,8.6
4.999999523162842,9.5
3.4166667461395264,11.8
2.749999761581421,9.2
2.916666984558105,10.4
2.666666984558105,15.9
4.083333492279053,23.7
3.9166667461395264,13.7
3.0833332538604736,23.6
3.6666665077209473,12.6
7.0,7.3
9.749999046325684,6.8
18.33333396911621,6.5
30.000001907348636,6.7
20.25,7.1
4.666666507720947,7.4
3.999999761581421,8.1
44.499996185302734,8.6
4.25,11.6
5.75,10.3
13.833333015441896,10.7
12.916666984558104,11.6
11.75,9.5
12.333333015441896,9.4
6.750000953674316,14.7
7.166666507720947,13.4
6.583333015441895,12.9
5.0,15.8
4.666666030883789,12.3
4.5,11.3
7.249999523162842,11.5
13.666666984558104,14.4
9.833333015441896,11.2
14.666666984558104,15.4
11.083332061767578,11.3
10.833333015441896,10.5
19.16666603088379,12.2
11.166666030883787,12.8
15.0,12.8
13.666666984558104,12.2
13.083333969116213,11.2
11.416666984558104,12.8
11.75,12.4
13.999999046325684,13.1
13.583333015441896,11.3
11.333333015441896,10.2
10.583333015441896,7.7
10.416666030883787,6.3
11.416666984558104,10.2
14.666666984558104,12.9
10.25,14.9
13.500000953674316,23.8
8.416666030883789,26.9
11.916667938232422,22.3
11.583333969116213,13.2
8.666666030883789,12.4
28.66666603088379,14.1
24.166667938232425,14.9
21.666667938232425,19.7
24.500001907348636,15.5
25.750001907348636,19.5
18.083332061767575,16.1
15.916666030883787,22.6
15.833333969116213,25.5
14.166666984558104,20.4
14.250000953674316,13.9
13.916666984558104,11.5
17.833332061767578,10.2
12.333333015441896,9.8
9.583333015441896,10.3
9.083333969116213,10.6
10.5,11.5
12.833333969116213,9.5
12.0,9.8
10.0,8.3
10.166666030883787,8.1
12.5,7.7
13.833332061767578,7.7
10.75,5.7
5.000000476837158,6.3
6.499999523162842,8.5
6.749999523162842,9.3
7.166666507720947,9.5
6.5,9.9
4.0,7.7
5.499999523162842,7.7
5.916666507720947,8.5
9.0,8.1
8.999999046325684,8.4
5.75,7.6
6.1666669845581055,7.8
5.749999523162842,11.3
6.0,9.7
8.166666030883789,9.7
6.083333492279053,10.4
6.75,12.7
10.75,11.6
7.916666507720947,10.3
7.5833330154418945,11.1
7.833333492279053,10.7
10.166666030883787,11.6
10.083333969116213,15.2
8.583333015441895,12.8
9.75,16.1
8.416666030883789,14.1
11.416666030883787,12.9
11.500000953674316,12.8
12.250000953674316,13.3
10.833333015441896,11.5
11.250000953674316,10.5
16.666667938232422,11.1
13.416666030883787,10.5
12.166666984558104,11.6
13.333333015441896,14.7
11.333333969116213,14.2
11.583333015441896,13.7
12.499999046325684,13.9
12.416666030883787,10.8
15.916666030883787,14.3
34.25,15.5
17.666667938232422,17.7
12.666666030883787,16.8
10.25,14.6
7.583332538604736,16.9
7.0,18.9
11.999999046325684,21.6
11.916666984558104,26.1
13.916666030883787,17.2
32.249996185302734,24.9
18.25,24.1
16.0,15.3
25.16666412353516,13.5
25.916667938232425,11.8
29.58333396911621,12.3
31.41666412353516,13.9
18.83333396911621,13.7
12.333333015441896,15.5
10.916666984558104,19.9
12.0,17.3
12.75,17.4
20.333335876464844,20.5
14.666666984558104,22.2
23.16666984558105,19.9
22.249998092651367,18.6
20.25,18.2
22.83333396911621,17.5
26.33333396911621,19.1
19.66666603088379,21.6
16.333332061767578,15.6
18.33333396911621,19.1
12.500001907348633,17.9
16.916667938232422,15.3
18.583332061767575,13.8
16.333332061767578,14.1
19.83333396911621,14.5
32.16666793823242,15.8
17.08333396911621,17.3
13.333333015441896,18.3
16.666667938232422,20.3
17.416667938232422,20.2
18.083332061767575,18.2
21.166667938232425,19.1
20.0,20.9
22.66666603088379,20.9
19.83333396911621,26.7
20.166667938232425,21.9
19.416667938232425,24.3
18.25,27.1
22.75,21.7
22.91666603088379,23.7
25.75,21.5
18.5,18.8
28.58333396911621,20.5
22.41666603088379,17.7
30.49999618530273,21.1
30.58333396911621,24.3
18.750001907348636,27.6
21.66666603088379,29.1
20.833332061767575,29.5
24.0,28.6
27.66666603088379,28.3
31.66666412353516,26.9
34.91666793823242,18.7
34.58333206176758,18.5
36.41666412353516,24.6
36.25000381469727,24.9
29.83333396911621,28.7
21.16666603088379,28.9
17.0,25.2
16.75,27.6
21.08333396911621,28.1
26.83333396911621,29.2
31.833332061767575,25.9
32.83333206176758,24.6
29.75,27.7
24.16666412353516,24.8
24.500001907348636,24.6
27.833332061767575,24.6
32.91666793823242,25.7
33.16666793823242,27.7
30.500001907348636,29.5
32.583335876464844,29.9
35.66666793823242,29.3
35.25,28.7
40.33333206176758,30.2
41.25000381469727,28.2
39.58333206176758,29.3
35.66667175292969,24.9
35.25,27.9
32.5,26.7
38.66666412353516,24.8
28.08333396911621,23.3
28.166667938232425,22.5
29.33333396911621,21.9
29.58333396911621,23.6
27.999998092651367,23.2
30.416667938232425,17.3
33.41666793823242,12.6
30.083332061767575,12.6
31.66666603088379,13.3
31.500001907348636,15.6
30.33333396911621,16.4
12.833333015441896,17.1
14.666666030883787,15.9
23.16666603088379,18.8
21.75,22.7
22.0,18.4
22.250001907348636,18.7
19.25,20.1
15.333333015441896,19.4
13.333333969116213,19.4
15.916666030883787,17.6
16.749998092651367,16.8
17.416667938232422,16.7
11.666666984558104,15.5
15.249999046325684,19.6
17.08333396911621,21.1
16.833332061767578,21.1
17.83333396911621,22.5
19.083332061767575,20.4
17.08333396911621,18.1
32.5,16.1
32.75,14.7
33.583335876464844,14.4
28.08333396911621,14.9
26.0,15.6
20.66666603088379,17.3
19.083332061767575,18.1
20.499998092651367,21.3
19.41666603088379,21.2
22.249998092651367,18.9
21.249998092651367,14.4
21.083335876464844,17.1
19.16666603088379,15.8
19.91666603088379,13.9
15.083333015441896,14.9
12.833333015441896,15.5
10.083333015441896,21.5
13.166666984558104,29.4
14.083332061767578,25.1
20.41666412353516,22.3
21.916667938232425,15.1
30.166667938232425,17.4
23.66666603088379,13.3
26.33333396911621,14.5
29.58333396911621,15.6
24.416667938232425,17.9
18.16666603088379,18.7
14.749999046325684,19.3
16.166667938232422,18.7
16.333332061767578,18.2
19.583332061767575,18.7
22.0,19.9
25.33333396911621,14.2
27.0,19.5
24.083335876464844,19.6
24.083332061767575,16.8
25.000001907348636,17.4
16.249998092651367,14.3
18.833332061767575,21.5
23.500001907348636,17.2
20.41666603088379,19.3
17.5,22.5
22.33333396911621,23.3
27.66666603088379,25.1
14.916666984558104,17.9
16.5,15.8
32.91666793823242,17.7
49.33333206176758,19.8
15.999999046325684,17.1
23.5,15.3
19.25,14.5
22.75,16.1
26.416667938232425,13.8
21.25,13.3
18.5,12.6
17.25,15.4
21.41666603088379,13.4
16.83333396911621,13.5
13.083332061767578,13.2
11.666666030883787,13.4
11.166666030883787,13.1
13.5,14.3
17.91666603088379,14.9
18.83333396911621,10.7
13.833333015441896,9.2
14.166667938232422,9.4
15.833332061767578,5.7
13.5,6.9
10.749999046325684,6.8
9.333334922790527,6.1
10.5,7.2
6.499999523162842,8.5
3.5833332538604736,11.4
3.8333332538604736,12.2
18.666667938232425,7.9
9.833333969116213,8.5
2.4166667461395264,7.3
2.3333332538604736,9.6
6.5,11.6
12.083333015441896,13.7
10.583333969116213,15.9
1.0833333730697632,12.9
2.916666984558105,14.6
8.666666984558105,19.4
38.91666793823242,15.4
10.0,14.1
18.999998092651367,10.5
10.333333015441896,8.3
17.33333396911621,6.7
13.25,6.5
11.916666984558104,6.2
7.500000476837158,6.7
8.083333015441895,7.1
4.083333015441895,6.9
3.499999761581421,6.7
2.0,7.4
8.5,8.7
15.750000953674316,8.5
14.583332061767578,6.9
10.083333015441896,3.1
5.000000476837158,3.1
9.833333015441896,3.1
7.8333330154418945,4.7
8.916666984558105,4.5
2.6666667461395264,8.2
0.6666666269302368,10.3
0.6666666269302368,11.1
0.0,9.7
0.3333333432674408,4.9
2.0833332538604736,4.2
3.5833334922790527,4.1
6.9166669845581055,5.3
5.499999523162842,5.3
0.9999998807907104,5.8
0.0833333358168602,7.2
0.0,8.2
0.0833333358168602,6.1
0.3333333432674408,6.7
0.25,5.6
1.9166666269302368,5.4
1.4166667461395264,9.4
0.1666666716337204,5.8
4.083333492279053,4.2
0.5833333134651184,3.6
0.6666666865348816,2.6
8.833333015441895,4.6
8.333333015441895,6.7
2.6666667461395264,7.6
1.2499998807907104,6.4
0.0833333358168602,5.7
0.5833333134651184,7.3
1.4166665077209473,6.4
6.416666507720947,6.8
8.416666030883789,7.3
3.9166665077209473,6.6
4.0,5.3
2.5,5.2
1.7499998807907104,5.9
2.1666665077209477,6.3
5.499999523162842,6.3
1.3333332538604736,4.4
1.0833332538604736,5.3
2.250000238418579,5.7
2.0833334922790527,4.8
1.25,4.7
1.9999998807907104,4.4
1.3333333730697632,3.8
1.9166666269302368,5.2
2.0833332538604736,12.5
1.5833332538604736,12.6
1.6666666269302368,12.9
1.0,6.5
0.7500000596046448,7.1
10.0,8.1
10.833333969116213,8.6
8.75,8.9
12.333333015441896,9.8
6.0,7.8
6.833333015441895,6.9
4.666666507720947,4.9
9.916666984558104,4.1
9.0,4.6
5.25,5.4
3.1666667461395264,5.6
2.1666667461395264,5.8
1.6666667461395264,5.4
1.0833333730697632,5.1
1.6666665077209473,5.3
2.9166667461395264,6.7
2.9166667461395264,5.9
2.750000238418579,6.3
2.3333334922790527,6.6
1.5000001192092896,6.5
1.3333332538604736,7.4
0.8333333134651184,11.3
3.8333332538604736,10.7
4.416666507720947,6.5
4.583333015441895,5.6
4.166666507720947,5.9
4.333333015441895,5.6
7.333333969116211,5.7
4.333333015441895,5.5
1.7499998807907104,6.9
3.3333332538604736,6.1
2.1666667461395264,5.6
4.25,7.8
6.6666669845581055,8.3
4.083333015441895,7.4
1.4999998807907104,8.7
6.416666507720947,6.6
8.999999046325684,4.6
10.25,3.8
8.0,4.3
4.916666507720947,9.1
5.833332538604736,10.2
2.9166665077209477,14.4
2.8333332538604736,23.5
8.833333015441895,22.2
10.416667938232422,13.7
15.916666030883787,10.4
30.333330154418945,10.5
27.166667938232425,10.2
36.83333206176758,10.4
23.416667938232425,10.5
12.25,9.5
10.333333015441896,9.2
6.75,8.3
9.749999046325684,7.7
11.333332061767578,6.1
6.6666669845581055,6.9
7.833333492279053,7.6
6.9166669845581055,8.1
4.666666507720947,4.8
2.6666667461395264,3.4
2.6666667461395264,4.3
0.9166666865348816,7.3
0.5833333134651184,7.2
3.749999761581421,10.8
1.0833332538604736,14.7
0.6666666865348816,18.2
9.0,7.6
5.416666507720947,6.6
16.58333396911621,6.3
24.58333396911621,6.8
4.6666669845581055,7.1
1.5833333730697632,8.1
5.416666507720947,8.3
3.75,7.7
4.583333492279053,7.8
5.25,8.2
2.583333730697632,8.5
3.5833332538604736,6.9
3.75,8.6
5.583332538604736,7.4
7.916666507720947,6.2
8.166666030883789,6.6
6.250000476837158,8.4
7.833333969116211,7.7
6.000000476837158,10.8
2.3333332538604736,13.1
2.6666667461395264,14.6
3.5833332538604736,17.7
5.0,14.7
5.25,10.8
5.666666507720947,9.8
8.5,8.5
12.166666984558104,8.1
15.083332061767578,7.3
8.333333015441895,8.1
7.416666507720947,10.5
6.5,8.9
4.1666669845581055,8.5
3.8333330154418954,7.6
4.749999523162842,8.1
6.5,9.7
8.166666030883789,9.7
6.916667461395264,10.4
5.333333492279053,9.1
5.166666507720947,2.2
5.583333969116211,3.2
5.0,5.4
3.8333332538604736,6.1
1.1666667461395264,7.7
0.0833333358168602,7.3
6.499999523162842,4.7
12.833333015441896,6.1
4.333333492279053,6.7
2.5,7.8
1.1666666269302368,7.9
0.5,7.7
1.8333332538604736,7.5
2.6666665077209477,7.8
3.0833332538604736,10.9
3.0833332538604736,14.5
3.4166665077209477,13.1
2.4166667461395264,10.5
3.5833332538604736,7.2
6.083333492279053,8.1
2.4166667461395264,8.4
1.2500001192092896,17.4
1.9166666269302368,15.5
4.5,12.8
5.333333492279053,6.7
2.5833334922790527,8.5
4.916666030883789,6.8
7.500000476837158,6.2
4.083333015441895,6.9
3.5833332538604736,9.6
1.75,9.3
2.0833332538604736,8.4
4.1666669845581055,5.9
7.0,5.4
8.0,6.3
6.916666507720947,5.2
5.083333015441895,5.2
3.6666665077209473,6.9
3.5833334922790527,8.6
3.8333330154418954,7.7
3.4166667461395264,9.5
7.999999046325684,8.8
7.583333492279053,11.8
6.75,8.4
5.916666507720947,8.1
6.499999523162842,8.9
13.333333015441896,8.1
18.833332061767575,6.4
20.166667938232425,6.4
15.25,5.5
10.249999046325684,5.4
6.4166669845581055,6.1
4.583333492279053,5.9
3.5,4.9
2.583333730697632,4.8
2.1666667461395264,4.4
2.3333334922790527,5.9
1.4166666269302368,6.7
2.25,8.5
1.5833332538604736,7.4
1.9166665077209477,8.8
1.6666665077209473,11.5
2.1666665077209477,12.7
4.5,9.1
3.416666984558105,8.7
7.0,8.7
7.9166669845581055,8.5
12.999999046325684,8.3
17.41666603088379,6.7
21.499998092651367,7.2
8.916666984558105,6.7
5.416666507720947,6.7
6.166666030883789,7.3
5.416666030883789,7.9
4.0,7.8
5.666666030883789,5.9
4.4166669845581055,6.6
6.333333492279053,5.4
6.333333492279053,7.5
3.75,6.1
6.083333015441895,6.5
3.5833332538604736,5.7
1.6666666269302368,5.8
2.0,6.1
4.0,10.6
5.0,11.9
4.25,7.4
11.583333969116213,7.1
11.416667938232422,7.9
8.583333015441895,7.2
3.4166667461395264,7.3
5.75,8.9
8.333333015441895,11.2
5.499999523162842,8.5
8.833333969116211,7.7
5.749999523162842,7.6
6.333333015441895,8.1
7.333333492279053,8.2
4.749999523162842,9.4
2.9166665077209477,8.3
3.000000238418579,8.8
5.083333015441895,8.6
5.9166669845581055,10.8
6.25,16.2
4.749999523162842,11.7
7.250000476837158,14.6
5.333333492279053,14.4
7.083333492279053,8.8
12.250001907348633,7.7
29.250001907348636,11.2
29.16666603088379,7.5
8.5,9.6
7.499999523162842,9.9
5.166666507720947,8.4
5.666666507720947,8.3
4.833333015441895,7.3
7.166666030883789,6.2
6.749999523162842,7.6
2.750000238418579,6.5
1.75,7.1
2.0833332538604736,8.6
3.8333332538604736,10.8
4.0,16.5
4.416666507720947,11.2
3.0833334922790527,13.8
6.166666507720947,11.6
7.6666669845581055,12.8
13.166666984558104,14.8
16.66666603088379,8.8
11.166667938232422,10.9
11.083332061767578,8.2
11.583333015441896,7.2
17.5,6.5
10.583332061767578,6.9
5.499999523162842,8.4
4.5,9.3
4.083333492279053,7.5
3.75,5.5
3.0833334922790527,4.8
5.166666507720947,4.9
6.0,4.7
4.916666507720947,3.7
2.3333332538604736,3.1
3.4166665077209477,3.1
2.9166665077209477,2.9
6.0,2.7
2.1666665077209477,3.1
0.1666666716337204,4.6
0.5,6.2
0.0833333358168602,6.6
0.0,6.8
0.0,6.2
0.25,5.2
0.6666666865348816,5.4
2.0,5.2
2.0,5.7
4.583333015441895,5.5
2.9166667461395264,5.5
1.8333332538604736,7.3
1.5833333730697632,9.3
2.3333332538604736,7.1
1.6666666269302368,6.4
0.5833333730697632,7.2
4.166666507720947,5.8
2.250000238418579,6.8
2.0833332538604736,6.4
2.9166665077209477,7.5
3.9166667461395264,6.6
5.166666507720947,8.2
7.1666669845581055,9.1
2.249999761581421,9.3
4.25,15.7
2.25,15.2
2.25,13.8
2.6666665077209477,7.5
3.5833332538604736,7.5
8.0,8.9
10.0,7.9
10.5,7.4
6.166666507720947,6.8
3.3333332538604736,5.6
5.333333492279053,6.2
4.499999523162842,11.3
4.0,11.1
5.583333015441895,14.7
2.75,13.4
5.666666507720947,9.7
6.833333015441895,10.6
12.416666984558104,7.2
10.333333015441896,7.4
6.250000476837158,8.4
5.333333492279053,9.7
5.6666669845581055,9.5
5.0,4.7
3.8333332538604736,10.6
2.9166667461395264,8.1
4.166666507720947,6.8
2.0833334922790527,8.9
5.0,7.7
7.749999523162842,6.4
5.499999523162842,5.7
5.666666507720947,5.9
5.0,6.3
2.6666667461395264,6.2
3.249999761581421,7.5
3.8333332538604736,6.3
4.083333492279053,6.4
4.9166669845581055,7.1
6.416666507720947,7.1
6.1666669845581055,8.3
5.999999523162842,7.5
6.416666507720947,7.8
5.583333492279053,8.7
5.25,7.7
7.3333330154418945,7.1
8.583333969116211,16.7
7.750000953674316,13.3
5.916666507720947,12.7
3.4166667461395264,6.3
1.9166666269302368,4.2
0.9166666269302368,4.3
2.9166665077209477,4.3
7.0,5.3
1.2500001192092896,5.7
0.3333333432674408,5.5
0.0833333358168602,6.9
0.8333333730697632,5.1
0.3333333432674408,4.9
1.25,4.8
2.0833334922790527,3.9
3.8333330154418954,4.3
5.1666669845581055,3.4
2.1666667461395264,3.3
2.75,3.9
0.5833333730697632,8.7
0.5,13.2
0.4166666865348816,11.8
0.4166666865348816,9.9
0.1666666716337204,5.7
0.4166666865348816,6.4
1.4166666269302368,6.4
12.166666984558104,4.9
14.0,5.6
3.0833332538604736,6.8
1.0833333730697632,6.6
2.3333332538604736,7.2
2.75,7.7
1.0,6.5
2.749999761581421,6.3
5.083333015441895,6.2
5.75,5.7
7.750000476837158,5.3
2.0833332538604736,6.4
4.749999523162842,8.4
5.166666507720947,8.3
5.666666507720947,8.1
4.333333492279053,8.6
4.1666669845581055,14.6
3.1666665077209477,14.2
2.25,23.6
2.999999761581421,19.5
4.0,12.4
2.999999761581421,8.9
10.5,6.9
20.250001907348636,6.9
14.666666030883787,7.3
7.499999523162842,8.1
7.75,8.8
5.750000476837158,10.3
4.4166669845581055,8.5
4.6666669845581055,7.7
6.833333015441895,6.1
6.6666669845581055,6.2
12.833333969116213,5.8
8.749999046325684,5.7
6.583333492279053,5.5
5.25,5.5
2.1666665077209477,6.8
2.3333332538604736,7.5
3.0833332538604736,12.9
2.75,8.8
2.25,8.9
1.3333334922790527,8.1
0.9166666269302368,5.9
3.9166669845581055,4.7
4.333333492279053,4.5
7.666666507720947,4.5
0.7500000596046448,3.9
0.0833333358168602,4.5
0.3333333432674408,6.9
0.0,6.7
0.1666666716337204,9.3
0.25,7.1
7.416666507720947,7.2
0.8333333134651184,4.6
8.0,4.3
8.25,4.1
8.999999046325684,3.5
5.9166669845581055,3.5
1.75,5.1
0.1666666716337204,13.9
0.25,11.9
0.0833333358168602,9.4
0.0,6.6
0.1666666716337204,5.8
0.5,5.1
0.9166666269302368,5.4
3.3333334922790527,9.4
3.4166665077209477,7.1
0.5833333134651184,6.7
0.25,7.5
1.9166667461395264,9.9
9.666666030883787,10.2
2.9166665077209477,8.3
2.3333332538604736,8.4
2.25,6.4
4.333333492279053,5.9
4.166666507720947,4.7
6.583333015441895,3.6
2.9166665077209477,3.9
5.25,4.4
4.9166669845581055,4.5
1.7500001192092896,7.1
1.3333332538604736,13.5
2.3333332538604736,7.7
5.833333015441895,6.8
7.9166669845581055,8.3
7.75,6.2
6.500000476837158,5.9
3.9166667461395264,5.2
8.833333969116211,5.3
1.9166667461395264,5.1
2.4166667461395264,5.5
3.0833332538604736,5.7
1.1666666269302368,4.5
2.0833332538604736,6.9
1.4166666269302368,6.9
2.916666984558105,7.2
2.4166667461395264,7.8
2.75,7.1
1.6666666269302368,5.7
3.5833330154418945,6.1
5.1666669845581055,6.8
2.0833334922790527,6.5
1.25,5.9
1.0,5.7
1.4166667461395264,7.8
1.7500001192092896,7.1
4.916666507720947,8.1
4.0,7.4
2.3333334922790527,7.9
5.749999523162842,8.2
5.083333492279053,8.8
5.916666507720947,7.6
7.666666507720947,8.7
11.166666030883787,8.1
56.0,6.9
40.25000381469727,7.2
13.583333015441896,6.3
9.916666984558104,5.7
9.666666030883787,5.6
7.416666507720947,5.8
5.666666507720947,7.7
5.583333015441895,9.4
5.083333492279053,10.1
3.9166665077209473,9.9
3.0833334922790527,11.8
1.4999998807907104,9.3
3.6666667461395264,9.6
3.6666665077209473,10.6
9.833333015441896,9.5
9.583333015441896,8.2
12.083334922790527,8.2
11.166666984558104,7.4
12.083333969116213,7.7
8.5,7.8
7.083333492279053,8.1
8.333333015441895,7.6
7.833333969116211,7.5
7.916666507720947,8.9
8.333333015441895,10.1
7.9166669845581055,8.5
7.083333969116211,8.1
6.583333015441895,10.9
8.166666030883789,9.9
9.25,11.5
9.25,17.2
9.75,13.4
8.083333015441895,13.1
8.666666984558105,12.2
12.500000953674316,10.3
21.583332061767575,8.9
9.083333015441896,8.6
9.416666984558104,10.9
6.083333015441895,11.2
7.333333969116211,10.9
7.4166669845581055,9.9
6.1666669845581055,7.7
8.25,6.2
14.833334922790527,6.7
11.75,7.5
9.5,5.7
5.333333492279053,6.7
5.583333015441895,11.3
5.499999523162842,11.8
7.25,11.1
4.25,7.9
3.6666665077209473,6.8
6.249999523162842,5.6
6.249999523162842,6.6
9.416666030883787,6.3
9.833333015441896,8.3
6.25,8.1
4.916666507720947,6.6
7.000000476837158,6.3
7.166666507720947,5.9
6.25,4.8
4.9166669845581055,4.1
5.25,7.1
4.916666507720947,12.8
4.833333015441895,9.6
3.5,10.3
1.6666666269302368,11.4
1.4166666269302368,8.3
8.833333015441895,7.1
19.25,8.3
11.75,8.1
6.333333015441895,10.8
5.583333015441895,10.4
5.833333015441895,9.4
6.583333015441895,7.6
26.25,6.3
9.916666030883787,7.7
10.999999046325684,8.2
21.25,11.3
8.833333015441895,9.5
3.1666667461395264,7.4
13.666666030883787,9.7
6.583333492279053,7.8
14.833333969116213,8.8
4.999999523162842,8.8
8.416666030883789,8.5
5.75,7.6
3.3333334922790527,9.2
13.333333015441896,7.5
12.916666030883787,7.4
8.5,9.1
10.083333969116213,7.7
10.333333015441896,5.7
7.250000953674316,15.4
11.5,11.2
5.4166669845581055,10.8
13.416666984558104,10.2
19.66666603088379,8.2
22.499998092651367,12.1
14.5,7.1
11.083333969116213,5.7
15.416667938232422,6.7
8.833333015441895,7.4
3.3333332538604736,6.6
3.25,5.1
5.0,11.8
5.749999523162842,11.8
4.166666507720947,10.1
2.9166665077209477,8.4
6.916666507720947,9.5
10.083333015441896,10.7
11.916667938232422,7.5
8.75,8.9
10.583333015441896,6.4
9.250000953674316,8.1
7.833333492279053,7.4
8.333333015441895,8.2
4.333333015441895,13.8
7.749999523162842,11.8
5.4166669845581055,11.9
6.416666507720947,11.1
17.16666603088379,9.3
14.5,9.1
13.583333969116213,9.8
15.25,9.7
9.583333969116213,10.5
8.833333015441895,9.8
8.250000953674316,7.9
8.999999046325684,9.3
13.083333015441896,7.7
7.416666030883789,7.6
9.666666030883787,8.2
7.8333330154418945,7.9
5.333333492279053,6.8
4.916666507720947,6.9
8.5,6.9
8.0,8.5
7.000000476837158,8.5
7.416666507720947,7.6
7.416666507720947,7.7
8.166666030883789,7.3
10.750000953674316,6.8
10.749999046325684,5.9
10.833333015441896,6.6
7.750000476837158,12.2
7.8333330154418945,6.6
8.333333015441895,7.6
15.833333969116213,10.6
26.58333396911621,6.8
7.000000476837158,7.7
9.083333015441896,7.5
7.083333492279053,8.2
10.333333015441896,9.4
8.75,8.6
8.000000953674316,7.3
8.666666984558105,6.2
8.5,6.5
6.333333015441895,13.1
7.416666507720947,15.3
5.166666507720947,9.2
8.833333969116211,8.6
12.75,6.9
24.166667938232425,8.3
8.166666984558105,6.7
7.1666669845581055,8.1
5.9166669845581055,11.7
7.6666669845581055,12.3
5.499999523162842,10.1
8.0,12.5
14.749999046325684,13.5
12.333334922790527,16.1
9.916666984558104,19.2
23.75,14.8
9.083333015441896,9.1
17.416667938232422,8.6
29.91666603088379,9.1
17.5,8.5
12.166666984558104,9.3
7.833332538604736,9.5
14.000000953674316,13.2
10.000000953674316,14.7
11.833333969116213,15.8
16.416667938232422,15.1
19.0,14.1
25.41666412353516,13.9
26.0,16.7
26.833332061767575,14.9
27.749998092651367,16.4
21.08333396911621,12.1
31.333332061767575,7.1
26.500001907348636,5.2
29.916667938232425,4.9
23.33333396911621,8.3
8.0,7.9
6.499999523162842,13.9
3.9166665077209473,19.4
5.75,7.9
14.166666984558104,7.1
40.25,7.2
8.416666030883789,10.3
4.25,30.1
8.0,18.6
6.166666030883789,12.3
3.3333334922790527,16.6
31.75,10.2
21.08333396911621,9.3
12.000000953674316,8.4
25.0,9.8
10.999999046325684,11.3
8.5,11.3
10.250000953674316,11.4
10.250000953674316,13.5
12.666666030883787,12.8
13.583333015441896,12.6
13.416666030883787,15.6
12.750000953674316,19.2
12.416666984558104,18.8
14.333333969116213,11.3
24.166667938232425,8.6
27.249998092651367,8.3
36.499996185302734,7.9
33.5,8.4
9.833333015441896,9.7
9.666666984558104,9.9
8.666666984558105,9.7
11.083333015441896,11.1
12.75,9.9
13.666666030883787,11.5
14.833333969116213,13.5
11.0,12.6
11.333333969116213,12.2
12.999999046325684,12.8
16.16666603088379,11.7
17.0,11.1
14.916666030883787,8.8
15.583333969116213,8.3
15.0,13.2
9.75,20.5
16.08333396911621,15.5
22.000001907348636,15.8
30.66666603088379,15.7
17.91666603088379,10.9
18.41666603088379,12.6
18.75,11.2
21.666667938232425,12.8
10.666666030883787,12.6
16.41666603088379,13.1
9.916666984558104,12.3
16.5,13.1
17.749998092651367,15.8
18.333332061767575,13.7
15.916666030883787,13.4
20.083332061767575,12.6
22.416667938232425,12.5
17.25,13.6
17.75,11.7
14.75,10.6
17.5,11.3
12.166666984558104,12.8
12.166667938232422,17.4
9.333333015441896,15.6
9.749999046325684,15.3
14.833333015441896,14.6
28.083335876464844,14.6
25.333332061767575,13.8
27.58333396911621,9.9
23.083332061767575,8.7
17.83333396911621,9.6
25.083332061767575,9.5
11.833333015441896,11.1
10.333333969116213,11.9
13.583333015441896,11.7
14.083333969116213,13.4
17.91666603088379,11.6
16.583332061767578,12.1
16.083332061767578,16.6
21.416667938232425,17.2
20.0,13.4
12.416666984558104,12.8
19.41666603088379,13.2
27.083332061767575,12.6
19.41666603088379,10.4
17.91666603088379,14.6
29.25,17.1
16.0,14.6
9.166666030883787,13.4
17.083332061767578,14.6
29.833332061767575,14.2
13.083333015441896,12.6
17.666667938232422,11.3
21.5,9.1
20.916667938232425,9.4
17.083332061767578,9.6
11.416666030883787,10.7
8.5,10.4
10.583333015441896,10.7
10.750000953674316,12.2
13.916666984558104,11.4
11.166666984558104,10.7
16.41666603088379,12.2
15.000000953674316,10.8
15.749999046325684,12.4
12.749999046325684,14.8
16.166667938232422,21.6
14.333334922790527,22.4
15.25,18.3
17.58333396911621,12.1
36.83333206176758,13.1
18.91666603088379,9.2
8.083333015441895,10.4
17.83333396911621,12.4
12.916666984558104,14.5
7.3333330154418945,9.6
14.0,11.1
10.083333969116213,12.2
8.25,14.3
13.666666030883787,16.9
11.083333969116213,15.5
13.333333969116213,11.2
14.083333969116213,10.3
12.416666030883787,16.6
8.25,22.1
13.916666030883787,21.9
19.41666603088379,9.2
19.08333396911621,10.1
39.58333587646485,9.6
7.249999523162842,8.4
7.8333330154418945,8.8
7.833333492279053,8.9
8.333333969116211,10.8
7.499998569488525,13.2
13.75,12.9
7.083333492279053,10.8
8.333333015441895,9.3
15.333333969116213,9.7
11.166666984558104,11.9
9.166666984558104,10.6
11.083333015441896,7.2
10.833333015441896,7.3
14.583333015441896,7.6
12.166666984558104,7.4
6.750000476837158,7.7
5.833332538604736,11.8
7.083333015441895,11.8
7.8333330154418945,8.8
5.6666669845581055,12.6
12.166666984558104,19.7
9.833333969116213,20.9
8.333333015441895,18.6
11.333333015441896,13.8
26.83333396911621,11.7
35.583335876464844,12.3
39.08333206176758,12.7
25.166667938232425,12.8
14.666665077209473,12.9
16.0,13.9
15.166666984558104,12.9
16.25,14.1
16.58333396911621,17.3
18.083335876464844,11.9
15.833333969116213,11.7
20.16666603088379,12.7
23.583332061767575,13.9
15.166666030883787,12.3
15.333333969116213,15.8
16.333332061767578,13.7
14.500000953674316,18.5
12.0,18.5
22.0,24.9
20.25,17.3
28.08333396911621,8.6
43.66666793823242,10.3
5.916666507720947,16.3
8.833333015441895,12.3
12.416666984558104,13.6
16.749998092651367,11.9
13.0,12.1
18.16666603088379,12.9
18.249998092651367,13.9
15.416666984558104,15.3
15.416666030883787,14.2
20.416667938232425,13.2
20.83333396911621,16.3
26.500001907348636,14.2
20.416667938232425,13.5
15.833333969116213,14.2
24.0,15.4
23.25,18.7
25.833332061767575,20.9
19.916667938232425,18.3
21.66666603088379,18.7
27.250001907348636,14.9
30.25,10.9
29.250001907348636,12.9
30.416667938232425,14.1
15.083333015441896,13.3
13.000000953674316,18.3
17.833332061767578,11.9
23.499998092651367,11.1
16.75,13.5
21.66666603088379,16.5
14.166667938232422,16.5
15.833332061767578,17.5
25.166667938232425,15.1
23.749998092651367,15.1
21.833332061767575,14.4
26.91666603088379,14.4
21.583332061767575,13.2
21.83333396911621,12.3
23.499998092651367,19.1
22.08333396911621,13.7
24.666667938232425,17.8
18.500001907348636,16.6
30.5,13.1
15.500000953674316,12.9
34.41666412353516,11.6
19.25,10.8
17.333332061767578,9.9
12.916665077209473,11.6
11.666666984558104,10.3
11.249999046325684,11.1
9.666666984558104,12.7
11.916666030883787,12.4
2.5833332538604736,11.6
9.666666030883787,14.1
22.500001907348636,18.5
14.583333969116213,15.5
15.75,14.9
18.08333396911621,16.3
25.5,16.1
14.166666030883787,14.7
18.5,16.4
22.41666603088379,16.8
17.5,14.4
21.333332061767575,10.9
16.16666603088379,9.8
21.666667938232425,10.7
23.166667938232425,19.3
8.833333015441895,18.7
7.5,15.8
12.916666984558104,14.1
22.58333396911621,10.8
23.833332061767575,10.5
14.333333969116213,10.3
19.750001907348636,12.6
13.833333969116213,13.7
11.5,12.9
9.916666984558104,12.9
12.500001907348633,13.4
18.250001907348636,12.3
19.25,14.2
18.08333396911621,13.9
15.416667938232422,14.5
11.500000953674316,11.7
20.0,13.5
16.75,14.5
21.250001907348636,14.6
14.333333015441896,22.1
14.000000953674316,24.6
19.166667938232425,15.7
13.666666030883787,14.3
30.249998092651367,13.7
29.91666412353516,12.7
14.25,11.3
19.41666603088379,10.4
16.499998092651367,11.1
13.5,12.9
10.250000953674316,12.1
8.416666984558105,12.2
11.333333969116213,11.4
15.833332061767578,10.7
18.333332061767575,8.8
16.75,8.5
12.916666030883787,8.2
13.75,5.9
9.083333969116213,4.9
8.75,3.1
9.166666984558104,3.1
3.916666269302368,5.9
2.5833332538604736,7.8
9.666666984558104,9.7
8.75,8.7
12.583333015441896,8.1
7.916666507720947,6.9
8.0,6.1
6.25,8.1
7.500000476837158,8.5
4.1666669845581055,7.5
6.25,9.4
11.999999046325684,10.6
10.000000953674316,9.1
12.833333015441896,8.3
16.66666603088379,7.9
10.333333015441896,9.3
10.333333015441896,12.8
11.666667938232422,8.9
8.25,13.4
12.083332061767578,12.1
15.666665077209473,11.2
11.5,11.5
31.75,10.4
14.333333015441896,8.6
10.916666030883787,7.9
11.083333015441896,7.6
9.833333969116213,6.8
6.749999523162842,6.9
5.333333015441895,6.9
5.249999523162842,9.6
5.9166669845581055,8.1
5.916666507720947,10.4
6.583333969116211,10.2
11.75,10.8
7.6666669845581055,10.4
11.833333015441896,10.8
8.333333015441895,10.3
11.25,8.6
12.249999046325684,8.1
14.083333015441896,10.5
6.333333492279053,13.6
4.666666507720947,13.3
8.416666984558105,15.3
9.333333015441896,20.5
22.25,14.7
14.25,13.2
21.916667938232425,11.6
14.416666984558104,11.5
8.75,11.3
9.416666030883787,12.7
13.750000953674316,11.7
15.416666030883787,12.7
14.999999046325684,14.1
11.916668891906738,14.8
17.25,17.2
15.666665077209473,17.3
20.083332061767575,19.5
22.416667938232425,15.6
19.16666603088379,15.2
23.166667938232425,14.6
16.08333396911621,14.6
14.499999046325684,12.5
12.166666030883787,14.8
16.5,26.5
10.166666030883787,23.6
13.333333015441896,24.4
42.33333587646485,24.1
29.25,16.1
33.66666412353516,15.5
28.83333396911621,15.8
10.833333015441896,11.4
10.916666984558104,14.6
7.416666030883789,14.7
9.749999046325684,15.2
16.75,16.6
14.666666984558104,16.1
15.583333015441896,14.8
21.666667938232425,18.7
25.16666412353516,22.4
16.166667938232422,19.7
22.83333396911621,20.7
27.5,20.9
24.583335876464844,22.1
24.5,19.6
20.583332061767575,19.1
29.25,22.5
20.666667938232425,26.5
19.416667938232425,25.5
31.166667938232425,21.4
30.58333396911621,18.2
29.66666603088379,14.6
34.250003814697266,14.8
19.416667938232425,15.6
13.416667938232422,14.3
13.416666984558104,13.3
13.083333015441896,14.6
13.5,15.1
12.5,17.6
15.749999046325684,17.7
20.083332061767575,16.4
18.749998092651367,16.5
23.583330154418945,19.8
20.833332061767575,18.3
15.75,16.5
27.08333396911621,18.1
20.666667938232425,19.8
18.583335876464844,17.2
23.583332061767575,22.4
24.16666603088379,25.7
23.499998092651367,26.7
32.66666793823242,23.9
33.16666412353516,18.8
35.499996185302734,14.8
32.33333206176758,14.5
15.666666984558104,11.7
15.166666984558104,10.1
12.583333969116213,10.3
9.083333015441896,11.4
8.916666984558105,12.1
13.750000953674316,11.7
15.083333969116213,15.7
13.5,11.7
9.583333969116213,11.3
22.5,13.8
9.666666984558104,10.1
15.166666030883787,10.1
15.916666984558104,11.1
12.083333969116213,8.8
13.916666984558104,8.3
8.166666030883789,6.8
8.749999046325684,6.1
7.000000476837158,5.9
5.583333492279053,6.3
4.666666507720947,7.2
3.8333332538604736,6.2
6.333333015441895,6.7
5.1666669845581055,7.5
3.5833332538604736,11.5
10.416666984558104,11.8
14.916666984558104,11.8
11.666666030883787,8.7
15.583333969116213,8.3
10.666666030883787,7.9
6.749999523162842,9.6
7.000000476837158,12.6
7.666666030883789,10.1
7.666666507720947,9.8
16.75,11.8
9.916666984558104,22.2
14.833333969116213,14.8
12.666666030883787,12.1
34.16666793823242,12.8
15.333333015441896,13.4
19.16666603088379,15.1
20.91666603088379,8.2
16.0,7.7
11.250000953674316,7.8
6.4166669845581055,8.8
7.833333492279053,16.4
8.333333969116211,15.9
24.750001907348636,19.8
24.333332061767575,17.7
26.749998092651367,12.8
26.16666603088379,16.2
26.66666603088379,11.3
16.66666603088379,17.1
18.91666603088379,14.3
10.249999046325684,14.7
27.16666603088379,14.8
12.499999046325684,16.1
19.5,16.3
18.58333396911621,9.7
26.916667938232425,11.6
10.083332061767578,12.8
11.916667938232422,8.8
19.33333396911621,9.2
7.250000476837158,9.4
5.75,11.3
6.5,10.6
5.749999523162842,10.2
21.666667938232425,10.2
7.416666507720947,10.6
10.166666984558104,10.3
8.083333969116211,12.1
8.166666984558105,11.4
9.416666984558104,11.5
13.416666030883787,12.6
6.083333492279053,12.5
8.583333969116211,12.8
12.250000953674316,13.2
8.583333015441895,11.9
11.249999046325684,14.6
10.416666984558104,19.5
11.75,15.4
17.416667938232422,12.9
26.916667938232425,13.6
13.250000953674316,14.4
11.916666984558104,15.4
13.000000953674316,12.7
14.333332061767578,13.7
11.0,15.6
12.333333015441896,15.2
15.166666984558104,15.3
15.999999046325684,15.4
14.916666984558104,16.7
15.416666984558104,16.8
14.833333969116213,15.9
19.83333396911621,15.6
15.166666984558104,17.4
13.000000953674316,15.6
20.08333396911621,13.7
12.25,19.6
11.5,23.6
9.833333969116213,20.2
27.66666603088379,17.9
30.250001907348636,18.9
20.833332061767575,18.6
18.749998092651367,16.6
20.33333396911621,14.5
14.833333969116213,16.5
14.75,17.6
14.083332061767578,17.7
20.33333396911621,19.1
14.666666984558104,8.4
6.5,9.2
4.75,7.6
6.083333015441895,10.6
6.25,8.1
3.999999761581421,7.5
11.750001907348633,8.7
3.1666667461395264,9.4
5.499999523162842,9.6
6.916666030883789,12.7
7.3333330154418945,14.1
7.999999523162842,14.6
11.666666030883787,12.6
10.666666984558104,10.8
9.416666030883787,12.6
7.916666030883789,13.4
9.0,16.4
14.416666984558104,16.1
18.333332061767575,12.8
17.58333396911621,13.6
12.666666984558104,14.1
13.999998092651367,15.8
12.250000953674316,16.4
13.583333015441896,18.1
16.16666603088379,18.9
19.83333396911621,16.7
21.58333396911621,15.2
18.916667938232425,15.5
14.416666030883787,14.6
14.333333015441896,19.6
16.0,16.6
20.916667938232425,19.2
18.91666603088379,19.7
21.0,12.8
21.416667938232425,9.2
16.416667938232422,9.1
8.5,9.3
7.083333492279053,9.3
7.916666507720947,9.3
8.833333015441895,8.2
8.666666984558105,8.1
7.166666507720947,8.9
5.333333492279053,11.5
6.25,12.3
8.166666030883789,11.2
11.333333969116213,14.3
12.583333969116213,16.3
10.166666030883787,14.7
16.16666603088379,10.5
13.250000953674316,11.6
12.500000953674316,11.8
8.333333969116211,11.2
15.499998092651367,12.6
10.0,19.7
15.749999046325684,25.8
13.166666030883787,19.9
35.499996185302734,13.6
31.416667938232425,13.3
13.833333015441896,10.6
7.416666507720947,10.3
11.500000953674316,10.9
11.583333015441896,10.5
9.500000953674316,7.4
13.833332061767578,9.2
5.333333969116211,9.7
5.916666030883789,9.4
8.666666030883789,12.3
11.0,12.9
6.833333492279053,14.2
13.166666984558104,9.5
17.75,6.3
15.416666984558104,6.6
3.9166665077209473,8.2
13.583333969116213,8.5
3.499999761581421,8.7
12.0,9.5
5.333333015441895,10.8
8.583333015441895,26.9
11.5,16.7
22.33333396911621,9.7
8.5,8.2
15.250000953674316,7.6
7.1666669845581055,8.7
7.499999523162842,8.9
14.666667938232422,9.1
10.333333969116213,10.3
10.166666030883787,10.6
10.166666984558104,8.7
11.833333969116213,9.2
13.75,8.7
11.166666030883787,10.4
9.000000953674316,9.5
8.833333015441895,9.5
7.333333492279053,13.2
10.583333015441896,15.2
20.25,20.8
24.66666603088379,19.6
31.91666984558105,12.3
33.75,10.3
12.583333969116213,9.4
10.25,11.4
15.0,12.3
18.833332061767575,13.7
17.33333396911621,14.2
21.16666412353516,12.9
25.250001907348636,12.1
13.083333015441896,8.6
16.66666603088379,7.1
10.833333015441896,5.9
10.583333015441896,5.8
5.333333492279053,6.5
4.6666669845581055,7.6
5.666666030883789,7.7
5.500000476837158,9.9
7.166666507720947,11.8
7.1666669845581055,12.9
16.5,15.4
12.083333969116213,15.6
34.91666412353516,12.7
19.5,10.8
21.583332061767575,9.1
16.5,8.1
8.583333969116211,8.2
6.666666507720947,8.3
7.833333969116211,8.2
6.583333015441895,8.9
8.666666984558105,10.7
6.833333492279053,9.4
11.75,9.3
11.916667938232422,14.8
8.416666984558105,12.7
15.583333015441896,13.4
29.0,11.1
10.916666030883787,10.6
18.83333396911621,9.4
13.499999046325684,11.5
9.0,12.6
10.5,13.2
13.916666030883787,19.2
17.5,23.7
16.666667938232422,28.5
24.083335876464844,25.1
38.91666793823242,17.6
25.16666984558105,14.8
23.66666603088379,11.9
24.749998092651367,11.2
16.166667938232422,13.2
12.000000953674316,15.5
16.5,17.6
14.166666984558104,17.2
25.166667938232425,13.2
27.66666603088379,14.4
20.16666603088379,14.6
21.583335876464844,15.8
18.83333396911621,13.3
27.83333396911621,12.7
16.08333396911621,12.6
17.75,11.4
13.000000953674316,10.8
15.999999046325684,11.6
11.5,16.4
12.916666030883787,17.3
15.5,14.8
31.166667938232425,15.9
16.416667938232422,16.4
15.75,13.6
19.249998092651367,11.7
12.166666030883787,11.6
15.500000953674316,9.1
12.166666984558104,10.2
10.083333969116213,9.6
10.25,9.4
8.833333015441895,11.8
8.833332061767578,19.2
8.083333015441895,17.8
18.5,19.5
23.75,15.6
31.500001907348636,18.5
21.333332061767575,17.1
27.499998092651367,16.5
22.91666603088379,14.9
23.66666603088379,16.2
20.833332061767575,14.8
21.333332061767575,18.8
16.58333396911621,18.4
33.33333206176758,16.8
32.25,16.3
25.91666603088379,12.8
20.91666603088379,11.1
19.0,10.7
12.999999046325684,9.2
11.25,7.9
6.166666507720947,8.5
7.000000476837158,9.8
6.833333015441895,17.8
9.5,16.2
15.0,10.8
16.083332061767578,11.1
10.166666030883787,11.8
11.416666984558104,9.5
10.333333015441896,8.1
11.250000953674316,4.6
3.75,8.5
8.333333015441895,8.3
3.0833332538604736,9.8
10.166666030883787,10.3
7.25,9.2
14.5,9.6
8.916666984558105,9.1
8.166666984558105,10.6
9.166666984558104,9.2
12.0,10.5
12.166666984558104,13.3
19.41666603088379,13.7
19.083332061767575,12.6
17.416667938232422,12.1
17.66666603088379,11.2
19.083332061767575,12.3
16.666667938232422,16.1
12.75,11.3
21.08333396911621,11.9
12.5,14.2
18.08333396911621,17.7
8.416666984558105,18.5
25.41666603088379,20.1
13.5,18.4
27.66666412353516,15.2
26.583332061767575,16.2
22.75,13.8
23.083332061767575,12.4
18.0,11.4
13.833332061767578,10.2
12.416666984558104,10.3
10.333333969116213,9.4
12.0,13.8
8.083333015441895,11.8
15.0,11.6
9.083333969116213,10.8
14.916666030883787,9.9
14.583333015441896,10.2
9.416666984558104,9.5
12.5,11.9
11.416666984558104,12.4
10.833333015441896,7.3
18.333332061767575,7.2
6.749999523162842,10.9
3.4166665077209477,10.9
8.666666984558105,11.3
9.25,11.7
7.166666507720947,12.5
12.083333015441896,9.8
11.5,7.5
9.0,7.9
4.333333492279053,10.2
12.666666030883787,8.7
7.749999523162842,8.8
4.916666507720947,10.8
5.416666507720947,9.9
7.25,9.3
9.499999046325684,10.2
9.833333015441896,10.9
6.4166669845581055,9.7
8.583333969116211,10.9
6.916666507720947,9.4
13.0,8.4
7.333333492279053,9.1
9.5,15.7
5.833333492279053,13.1
15.75,10.9
18.16666603088379,8.8
11.666665077209473,8.7
4.5,7.8
5.166666507720947,8.3
5.916666507720947,8.3
6.9166669845581055,10.5
6.25,13.1
10.499999046325684,14.8
23.66666603088379,15.9
19.33333396911621,17.8
24.916667938232425,18.3
24.0,16.5
25.500001907348636,15.1
24.25,11.6
26.750001907348636,10.3
13.166666984558104,9.6
12.500000953674316,11.3
11.5,15.3
13.083333015441896,12.6
21.41666603088379,18.1
15.583333969116213,23.8
18.5,23.2
30.166667938232425,22.4
33.0,13.8
37.75,11.6
18.75,10.6
14.25,8.4
23.999998092651367,8.6
10.75,9.8
5.6666669845581055,11.9
12.916666984558104,13.7
15.083333015441896,17.3
24.0,21.6
28.58333396911621,25.6
26.0,17.2
35.5,16.4
25.5,15.5
22.666667938232425,19.3
19.66666603088379,17.6
21.416667938232425,15.6
26.41666603088379,14.7
21.16666603088379,17.3
21.666667938232425,17.1
25.83333396911621,14.8
31.25,10.5
21.66666603088379,10.1
11.749999046325684,13.8
10.416666984558104,11.5
13.583332061767578,10.1
10.166666984558104,9.7
9.25,10.7
9.833333015441896,14.1
13.833334922790527,14.3
13.416666030883787,13.1
16.83333396911621,13.4
16.58333396911621,15.6
19.916667938232425,15.3
17.58333396911621,13.6
19.08333396911621,8.2
5.5,8.6
7.750000476837158,9.2
11.750000953674316,9.7
5.1666669845581055,12.3
6.9166669845581055,12.1
10.833332061767578,12.3
12.25,11.6
11.916666984558104,11.6
9.416666984558104,10.8
10.0,10.5
11.083333969116213,9.2
9.416666030883787,10.2
8.583333969116211,10.7
12.25,9.5
10.666666984558104,10.7
10.0,14.8
17.166667938232422,21.2
19.25,16.1
19.25,15.6
18.75,14.3
15.666666984558104,12.2
19.5,8.1
8.666666030883789,10.5
7.250000476837158,13.2
9.333333015441896,14.2
18.41666603088379,15.6
16.666667938232422,14.4
14.416666984558104,10.8
12.583332061767578,9.3
8.333333969116211,9.8
8.416666984558105,9.5
11.083333969116213,12.7
7.416666507720947,11.9
16.58333396911621,14.6
12.250000953674316,14.8
19.416667938232425,12.2
13.916666984558104,11.3
13.166667938232422,10.9
11.0,10.9
15.25,9.6
12.916666984558104,6.2
14.0,8.8
4.083333492279053,10.6
7.833333492279053,11.1
14.583333015441896,15.4
14.5,13.7
20.166667938232425,18.7
16.25,12.1
17.58333396911621,9.7
10.333333015441896,8.7
8.666666030883789,8.9
8.416666030883789,9.4
8.833333015441895,9.3
11.916666984558104,10.8
11.583334922790527,13.6
15.583333969116213,12.4
15.083333015441896,9.8
21.083332061767575,14.3
10.083333015441896,13.3
10.916666984558104,8.1
15.833333969116213,7.9
7.999999046325684,10.2
6.0,14.4
11.416666984558104,13.6
19.83333396911621,19.4
13.666666030883787,22.7
33.0,25.4
28.166667938232425,25.8
39.08333587646485,14.9
14.75,16.2
16.583332061767578,13.2
26.249998092651367,11.3
16.75,12.9
13.333333969116213,13.3
14.583333969116213,11.4
16.08333396911621,8.8
9.583333015441896,10.9
10.916666030883787,14.7
8.25,13.7
21.083332061767575,11.5
13.583333015441896,10.3
12.583333969116213,11.6
7.250000476837158,9.9
14.25,9.4
6.416666030883789,10.6
8.75,14.5
10.583333969116213,20.6
13.083333015441896,23.8
29.33333396911621,20.9
32.08333206176758,19.6
33.83333206176758,18.1
22.416667938232425,11.8
21.666667938232425,12.3
8.916666030883789,12.9
11.916666984558104,13.4
12.749999046325684,15.6
14.0,14.3
17.41666603088379,13.9
13.25,13.8
18.583332061767575,14.5
17.083332061767578,14.5
13.666666030883787,13.1
14.416666030883787,12.8
15.333333015441896,12.2
14.749999046325684,11.3
13.333333015441896,13.3
11.75,14.8
13.999999046325684,14.3
11.166666030883787,14.8
18.750001907348636,12.4
17.083332061767578,11.7
16.583332061767578,13.8
14.333333015441896,10.7
14.833333015441896,10.1
9.916666030883787,9.6
9.666666030883787,8.1
8.25,8.9
4.9166669845581055,8.3
8.083333015441895,8.2
4.833333492279053,8.7
5.499999523162842,8.1
7.166667461395264,8.9
5.833333015441895,9.6
10.416666984558104,11.4
9.333333015441896,11.5
10.416666984558104,11.5
6.916666507720947,9.7
11.75,10.7
8.916666984558105,11.1
11.75,12.1
9.916666984558104,9.3
12.749999046325684,6.9
10.249999046325684,6.6
5.749999523162842,8.8
3.499999761581421,11.7
5.999999523162842,12.1
13.416666984558104,15.2
17.58333396911621,15.7
15.833333015441896,12.6
18.0,12.1
12.666666984558104,12.7
14.416666984558104,9.7
10.0,8.6
6.083333492279053,8.5
7.1666669845581055,9.4
6.416666507720947,12.6
6.916666030883789,13.1
14.083333015441896,14.8
11.083333015441896,18.2
8.750000953674316,12.9
13.166666030883787,12.4
13.833334922790527,12.8
9.916667938232422,14.7
14.416666984558104,13.1
18.666667938232425,13.7
9.666666030883787,16.1
14.5,14.1
14.500000953674316,10.7
9.583333969116213,11.8
9.416666030883787,12.4
9.583333969116213,10.9
10.5,10.4
9.333333969116213,10.7
7.499999046325684,10.4
8.583333969116211,7.6
9.583333969116213,8.3
5.249999523162842,10.6
5.1666669845581055,10.3
10.0,10.1
9.5,12.5
7.916666507720947,11.3
16.083332061767578,9.5
16.91666603088379,7.1
11.333333969116213,8.7
4.75,10.6
8.25,12.2
9.833333015441896,14.5
11.25,12.8
11.75,13.6
15.416666030883787,16.2
12.0,13.5
14.250000953674316,11.3
12.833333015441896,10.3
11.416666984558104,10.3
7.75,12.4
8.916666030883789,16.2
11.833333015441896,14.6
20.91666603088379,14.2
17.416664123535156,11.5
16.33333396911621,10.4
7.000000476837158,10.5
8.583333015441895,12.5
12.0,12.1
10.75,9.1
6.916666507720947,8.2
8.0,9.4
6.75,10.3
6.999999523162842,10.2
9.75,10.8
6.749999523162842,11.4
10.333333015441896,11.5
13.583333969116213,12.8
11.166666030883787,12.3
11.5,9.9
12.25,11.6
10.0,10.9
14.333334922790527,12.3
9.083333969116213,13.4
13.666666984558104,13.5
16.33333396911621,13.7
15.833333969116213,16.8
14.666667938232422,16.5
15.416667938232422,13.3
16.08333396911621,14.3
18.166667938232425,16.2
16.41666603088379,14.7
22.5,13.7
18.5,13.1
17.75,13.1
16.33333396911621,15.9
11.666666030883787,16.9
20.91666603088379,33.6
22.0,21.1
29.83333396911621,18.2
23.5,21.8
12.583333015441896,17.1
24.08333396911621,15.4
21.66666412353516,12.7
12.25,15.4
19.499998092651367,17.9
20.16666603088379,25.4
28.91666412353516,19.8
34.41666793823242,18.8
25.66666603088379,17.8
27.666667938232425,17.2
23.91666603088379,17.1
25.16666412353516,17.7
24.66666603088379,16.1
28.5,18.6
18.833332061767575,18.3
25.0,19.9
24.749998092651367,21.6
30.25,23.7
28.41666412353516,24.1
42.749996185302734,22.2
32.41666793823242,17.3
26.833332061767575,15.6
27.66666603088379,14.7
18.66666603088379,18.8
21.0,13.6
28.66666603088379,14.3
12.833333969116213,9.7
16.500001907348633,10.9
10.5,14.1
10.666666984558104,12.7
16.58333396911621,13.1
11.333333015441896,13.6
14.666666030883787,14.8
14.0,15.1
14.499999046325684,15.6
19.33333396911621,19.1
13.583333015441896,13.9
36.58333206176758,12.7
15.416666030883787,13.4
14.166666984558104,18.4
12.583332061767578,18.7
19.41666603088379,18.7
28.333332061767575,16.3
17.91666603088379,16.5
19.416667938232425,15.1
19.16666603088379,6.7
16.33333396911621,11.1
13.166666984558104,13.6
11.25,14.5
15.583332061767578,13.2
15.5,13.6
18.0,12.1
12.666666984558104,12.5
25.333335876464844,9.6
13.0,10.1
8.75,10.4
11.583333969116213,10.4
12.083333969116213,12.1
16.83333396911621,12.2
11.416666984558104,18.5
21.33333396911621,17.8
34.083335876464844,18.4
31.416667938232425,12.6
15.25,13.8
17.083332061767578,11.1
20.583330154418945,11.5
11.5,7.9
15.5,8.3
6.333333492279053,11.2
15.999999046325684,13.2
21.499998092651367,15.2
15.5,13.6
16.416667938232422,12.9
20.166667938232425,9.8
18.58333396911621,9.5
12.916667938232422,8.6
12.000000953674316,9.9
7.833333492279053,13.3
17.83333396911621,8.6
16.41666603088379,8.8
6.416666507720947,7.6
10.916666984558104,11.3
6.333333015441895,10.5
14.583333969116213,8.4
13.166666984558104,8.3
5.999999523162842,7.3
7.333333492279053,7.2
4.75,6.2
8.333333969116211,6.4
4.0,8.4
4.499999523162842,11.1
8.166666030883789,11.4
14.083333969116213,11.7
14.750000953674316,9.5
16.249998092651367,6.3
10.75,7.2
5.5,6.4
7.833332538604736,5.8
4.583333492279053,6.5
3.75,5.8
5.333333015441895,8.7
11.749999046325684,11.5
7.000000476837158,12.6
15.5,11.1
13.083333969116213,8.6
4.833333015441895,7.5
11.0,9.3
6.833333492279053,8.6
11.75,8.7
8.916666984558105,12.1
8.916666984558105,16.3
12.833333015441896,13.8
25.0,16.3
16.25,14.2
26.666667938232425,13.2
23.25,10.6
15.083333015441896,9.9
12.0,8.5
13.166667938232422,8.1
8.25,10.4
8.083333015441895,10.1
9.083333015441896,14.4
9.333333015441896,15.7
21.416667938232425,19.7
22.083332061767575,14.9
24.583332061767575,12.8
14.083333969116213,15.8
13.999999046325684,15.5
14.833332061767578,15.6
16.33333396911621,16.4
19.33333396911621,16.1
18.666667938232425,16.9
24.083332061767575,21.6
26.5,20.1
31.08333396911621,23.4
32.66666412353516,17.7
32.750003814697266,12.8
25.41666603088379,17.9
14.333333969116213,17.7
29.5,16.7
21.0,18.3
23.58333396911621,13.9
19.166667938232425,18.1
19.249998092651367,21.5
31.0,19.5
25.75,17.7
28.08333396911621,17.8
18.5,18.7
22.499998092651367,16.8
20.83333396911621,18.7
19.833332061767575,19.8
25.66666603088379,16.9
30.16666603088379,19.1
22.583332061767575,20.7
27.5,23.2
31.666667938232425,25.5
33.66666793823242,25.5
36.25,23.6
35.16666793823242,22.6
31.999998092651367,23.2
29.083335876464844,20.6
32.58333206176758,22.4
31.91666412353516,20.3
34.66666793823242,20.8
27.41666603088379,20.8
31.66666603088379,24.2
33.41666412353516,25.1
36.75000381469727,19.9
37.41666793823242,19.1
25.166667938232425,17.6
27.75,15.4
20.833332061767575,16.1
18.25,17.3
23.16666603088379,18.6
25.999998092651367,17.8
27.833335876464844,22.9
23.66666603088379,23.4
34.16666793823242,23.3
29.08333396911621,24.6
30.250001907348636,21.4
33.91666412353516,18.1
31.583330154418945,15.9
19.08333396911621,16.4
24.083332061767575,14.5
23.5,14.7
19.41666603088379,23.7
22.666667938232425,18.7
35.25,16.5
24.66666603088379,17.5
23.5,17.2
26.749998092651367,18.2
26.16666603088379,15.5
27.58333396911621,16.9
21.0,18.1
23.75,22.9
26.25,23.6
27.75,24.4
33.83333206176758,23.5
32.25,23.2
31.41666603088379,24.8
33.083335876464844,25.3
34.833335876464844,25.2
37.41666793823242,24.1
35.249996185302734,25.1
31.999998092651367,25.8
34.0,21.6
32.66666793823242,18.5
31.83333396911621,22.9
28.83333396911621,28.8
34.499996185302734,23.8
36.33333206176758,22.5
33.16666793823242,19.5
26.750001907348636,19.6
24.25,18.6
27.91666603088379,18.7
23.5,15.4
24.083332061767575,16.6
21.166667938232425,17.8
23.25,19.5
27.333332061767575,18.8
25.08333396911621,13.1
11.666667938232422,15.7
18.41666603088379,17.9
21.5,15.4
26.16666603088379,8.9
15.333333969116213,13.3
8.333333969116211,14.2
17.66666603088379,14.1
20.666667938232425,13.6
19.41666603088379,15.7
19.5,12.6
15.750000953674316,13.5
16.916667938232422,13.7
15.083332061767578,14.6
20.91666412353516,14.9
16.16666603088379,16.1
19.58333396911621,14.2
18.58333396911621,6.7
21.83333396911621,4.7
3.25,5.5
8.500000953674316,7.5
6.500000476837158,6.8
2.4166667461395264,5.5
5.083333492279053,6.9
2.5,5.2
4.4166669845581055,6.1
3.5833332538604736,5.7
3.5,5.9
30.66666603088379,14.7
21.000001907348636,13.6
12.916666984558104,12.6
11.833333015441896,11.9
7.9166669845581055,9.7
16.08333396911621,9.9
8.083333969116211,8.7
7.583333492279053,8.7
10.666666030883787,8.6
8.416666030883789,9.2
12.583332061767578,11.1
17.583332061767578,12.4
21.25,14.5
21.75,17.7
22.66666603088379,17.7
16.416667938232422,14.1
13.833333969116213,14.6
17.08333396911621,13.8
21.91666603088379,15.9
17.666667938232422,13.3
13.666666984558104,11.7
7.166666507720947,8.1
9.833333015441896,9.1
14.416666984558104,11.3
13.666666030883787,13.7
21.41666603088379,16.1
17.0,12.4
9.583333969116213,10.1
19.583332061767575,12.7
13.416666984558104,12.2
15.666667938232422,12.7
19.83333396911621,14.4
15.000000953674316,12.7
18.0,12.4
14.666666984558104,13.1
21.33333396911621,16.8
13.833332061767578,12.7
20.666667938232425,16.2
21.16666603088379,16.8
16.083332061767578,13.6
18.16666603088379,13.7
24.66666603088379,15.6
15.416666030883787,12.8
17.083332061767578,14.3
18.0,13.4
16.16666603088379,12.1
20.083332061767575,13.2
29.499998092651367,18.2
28.916667938232425,19.8
18.41666603088379,20.1
34.08333206176758,21.8
13.5,13.3
17.83333396911621,13.6
10.666666030883787,12.2
11.916666984558104,12.2
10.833333015441896,9.2
12.333333015441896,9.3
18.749998092651367,13.9
15.249999046325684,12.5
20.83333396911621,18.1
19.91666603088379,16.1
22.0,13.7
13.333333015441896,14.5
13.25,13.2
8.75,8.9
6.416666507720947,7.3
12.75,10.6
10.75,9.1
10.666666984558104,10.9
13.666666984558104,13.8
20.41666603088379,16.2
12.916666984558104,15.3
27.5,18.1
34.66666793823242,24.1
14.999999046325684,13.7
9.916666030883787,10.1
7.3333330154418945,9.3
6.5,8.7
17.75,9.8
16.0,11.7
22.166667938232425,16.5
19.500001907348636,15.7
17.583332061767578,12.7
19.41666603088379,14.4
26.91666603088379,16.7
17.083332061767578,13.9
19.91666603088379,15.1
16.0,13.1
12.416666984558104,10.8
15.583333015441896,11.8
16.0,13.5
24.166667938232425,15.8
26.749998092651367,19.5
38.33333206176758,21.2
42.91666793823242,27.3
37.08333587646485,21.7
32.66666412353516,19.2
26.08333396911621,16.1
18.749998092651367,14.2
15.666666030883787,15.2
19.083332061767575,13.9
32.33333206176758,22.1
25.58333396911621,19.1
16.33333396911621,13.9
19.0,13.7
22.91666603088379,16.7
26.16666603088379,16.8
15.000000953674316,12.4
3.0833334922790527,4.7
7.416666507720947,6.4
6.6666669845581055,6.8
12.249999046325684,9.3
11.416666984558104,10.2
20.499998092651367,14.2
18.58333396911621,14.4
39.08333206176758,22.7
33.0,22.4
30.5,20.3
27.91666603088379,18.4
27.08333396911621,20.1
33.25,21.2
28.08333396911621,21.8
29.25,19.6
27.083335876464844,18.4
31.5,21.1
28.16666412353516,20.3
30.249998092651367,21.7
36.0,25.6
35.5,24.9
35.91666412353516,25.5
37.25,26.7
35.33333206176758,26.1
36.000003814697266,24.3
36.25,25.2
32.91666793823242,23.8
39.08333206176758,27.8
35.16666793823242,24.5
37.83333587646485,27.9
34.833335876464844,25.2
31.583332061767575,23.2
31.416667938232425,22.4
28.75,21.7
23.83333396911621,17.1
21.0,19.5
10.083333969116213,9.4
14.000000953674316,14.4
18.833332061767575,14.4
7.333333492279053,9.4
8.75,8.6
11.916666984558104,10.4
11.583333969116213,10.6
11.083333969116213,10.1
11.999999046325684,10.2
12.75,10.9
7.6666669845581055,8.5
7.083333015441895,7.1
6.9166669845581055,7.8
9.25,8.6
15.749999046325684,11.3
9.916666030883787,10.5
11.25,9.8
14.0,11.8
17.83333396911621,13.2
21.41666603088379,11.9
1.4166666269302368,5.4
9.916666030883787,8.4
4.1666669845581055,7.5
9.25,11.5
14.666666984558104,10.4
10.25,10.8
7.9166669845581055,9.2
6.666666507720947,8.2
9.666666030883787,8.8
5.083333492279053,6.5
9.249999046325684,8.4
8.25,9.1
5.083333015441895,8.2
8.0,10.5
25.83333396911621,18.1
20.249998092651367,16.1
12.416665077209473,12.6
8.0,12.2
16.58333396911621,16.9
22.83333396911621,19.5
24.25,19.4
30.16666603088379,21.8
35.5,26.4
33.000003814697266,30.1
35.5,23.6
34.08333206176758,27.2
31.16666412353516,25.8
27.083332061767575,21.4
21.16666603088379,17.3
21.5,17.8
14.416666984558104,13.8
16.833332061767578,14.8
13.000000953674316,14.9
29.16666603088379,18.1
31.833335876464844,21.2
12.999999046325684,17.2
19.750001907348636,13.4
9.833333969116213,11.5
2.999999761581421,10.8
9.0,9.8
16.0,11.1
29.666667938232425,19.9
52.08333206176758,50.2
31.833332061767575,31.8
25.0,20.1
28.583335876464844,23.7
24.33333396911621,20.7
31.083330154418945,24.1
29.000001907348636,25.1
32.58333206176758,25.1
28.91666603088379,25.7
31.0,21.5
15.416666030883787,15.4
19.833332061767575,16.7
25.16666603088379,19.7
35.41666412353516,29.1
29.83333396911621,26.5
20.333332061767575,17.2
15.5,15.7
22.5,14.7
16.083335876464844,15.6
15.416666984558104,14.2
31.333332061767575,28.8
22.583332061767575,22.1
32.41666793823242,25.4
35.083335876464844,31.7
26.499998092651367,27.4
30.333332061767575,27.2
37.16666793823242,32.4
34.83333206176758,30.1
28.58333396911621,25.2
30.083332061767575,24.5
23.166667938232425,19.4
18.916667938232425,17.3
8.5,10.5
15.916666984558104,15.9
30.33333396911621,23.1
20.08333396911621,16.9
20.16666603088379,19.7
13.749998092651367,15.7
16.25,16.4
21.16666603088379,16.8
20.25,17.9
21.25,18.6
9.250000953674316,17.6
49.08333206176758,18.9
19.916667938232425,14.9
15.083332061767578,15.2
21.08333396911621,15.2
17.0,13.6
15.916666030883787,13.4
20.5,15.4
26.833332061767575,16.8
28.749998092651367,22.2
32.5,21.7
29.41666603088379,20.1
28.499998092651367,20.2
33.41666793823242,20.4
13.916666030883787,19.4
18.833332061767575,14.7
19.0,17.6
17.75,16.1
29.58333396911621,17.5
22.666667938232425,17.1
16.25,18.8
23.749998092651367,16.7
37.83333206176758,24.2
16.0,17.9
11.250000953674316,11.3
8.583333015441895,10.5
8.583333015441895,9.3
8.833333969116211,9.5
6.833333015441895,7.7
7.8333330154418945,8.5
5.4166669845581055,7.3
9.833333969116213,8.9
16.91666603088379,10.7
9.083333969116213,10.8
8.166666984558105,9.1
4.166666507720947,7.5
4.166666507720947,6.2
7.9166669845581055,8.4
10.416667938232422,9.7
12.416666984558104,11.9
14.5,12.1
12.916666984558104,12.5
11.916666030883787,10.9
10.25,10.5
10.25,10.6
11.333333015441896,10.5
13.750000953674316,11.4
17.91666603088379,13.4
10.166666984558104,10.9
10.666666984558104,9.9
15.333333015441896,11.8
10.999999046325684,11.3
11.833333969116213,10.7
13.916666030883787,12.3
20.750001907348636,15.3
30.75,20.7
26.58333396911621,19.2
11.833333015441896,14.8
7.833333492279053,10.8
13.833333015441896,11.6
13.583333015441896,12.5
12.25,11.1
12.75,9.5
17.58333396911621,14.3
33.25,22.4
18.41666603088379,19.1
25.500001907348636,18.1
24.333332061767575,17.4
10.333333015441896,11.7
18.16666603088379,11.8
17.416667938232422,13.2
14.083333969116213,11.6
12.416666030883787,10.8
14.000000953674316,11.1
9.666666030883787,10.8
17.83333396911621,12.5
14.083333015441896,12.4
25.666667938232425,19.2
14.833333969116213,15.7
11.666667938232422,12.2
15.333333015441896,11.8
34.33333206176758,23.7
26.166667938232425,28.3
31.66666412353516,29.8
14.583333015441896,19.2
29.41666603088379,18.3
28.0,24.5
22.66666603088379,17.5
21.500001907348636,16.3
24.41666412353516,16.4
16.75,16.8
4.916666507720947,10.9
4.416666507720947,6.5
5.166666507720947,6.8
7.083333492279053,6.5
9.333333015441896,7.5
9.666666030883787,8.6
27.75,19.6
19.75,14.3
12.416666984558104,11.1
8.666666984558105,10.2
6.1666669845581055,7.9
12.500000953674316,10.1
11.833333969116213,11.1
14.249999046325684,11.3
15.5,12.2
16.41666603088379,13.9
19.416667938232425,15.8
15.333333969116213,15.3
14.416666984558104,13.5
14.333333969116213,12.9
22.916667938232425,14.3
11.333333015441896,12.1
21.500001907348636,12.4
18.58333396911621,11.7
8.75,9.8
9.25,9.2
29.16666603088379,14.5
30.16666603088379,19.1
19.666667938232425,25.6
35.66666793823242,22.4
34.16666412353516,25.8
20.41666603088379,20.1
11.166666984558104,11.3
7.5,10.7
9.083333969116213,11.2
11.249999046325684,9.6
27.33333396911621,15.2
22.333332061767575,20.1
14.833333969116213,15.3
14.916666984558104,15.2
19.666667938232425,14.7
20.58333396911621,14.6
20.16666603088379,15.6
14.333334922790527,14.5
19.166667938232425,14.5
20.0,15.4
16.833332061767578,15.8
25.0,16.8
29.08333396911621,21.2
22.166667938232425,21.1
35.083335876464844,23.4
31.750001907348636,27.2
25.25,20.6
15.166666984558104,15.6
16.91666603088379,14.7
17.083332061767578,14.6
17.833332061767578,15.3
18.33333396911621,16.1
17.5,16.1
19.41666603088379,16.2
31.41666603088379,29.9
34.25,26.2
20.749998092651367,18.7
29.25,20.5
22.91666603088379,20.4
29.5,20.5
41.249996185302734,23.3
32.25,25.8
30.25,22.4
30.0,23.6
30.666667938232425,24.9
37.33333206176758,29.9
34.16666412353516,30.5
34.33332824707031,25.2
46.75,25.2
30.08333396911621,22.5
27.08333396911621,20.7
24.16666603088379,17.8
19.25,16.8
28.83333396911621,18.9
32.08333206176758,22.6
26.750001907348636,21.1
26.833332061767575,20.4
32.333335876464844,18.7
32.41666793823242,22.8
33.25,25.2
